order_id,user_id,amount
1,1,10.0
2,2,11.0
3,3,12.0
4,4,13.0
5,5,14.0
6,6,15.0
7,7,16.0
8,8,17.0
9,9,18.0
10,10,19.0
11,11,20.0
12,12,21.0
13,13,22.0
14,14,23.0
15,15,24.0
16,16,25.0
17,17,26.0
18,18,27.0
19,19,28.0
20,20,29.0
21,21,30.0
22,22,31.0
23,23,32.0
24,24,33.0
25,25,34.0
26,26,35.0
27,27,36.0
28,28,37.0
29,29,38.0
30,30,39.0
31,31,40.0
32,32,41.0
33,33,42.0
34,34,43.0
35,35,44.0
36,36,45.0
37,37,46.0
38,38,47.0
39,39,48.0
40,40,49.0
41,41,50.0
42,42,51.0
43,43,52.0
44,44,53.0
45,45,54.0
46,46,55.0
47,47,56.0
48,48,57.0
49,49,58.0
50,50,59.0
51,51,60.0
52,52,61.0
53,53,62.0
54,54,63.0
55,55,64.0
56,56,65.0
57,57,66.0
58,58,67.0
59,59,68.0
60,60,69.0
61,61,70.0
62,62,71.0
63,63,72.0
64,64,73.0
65,65,74.0
66,66,75.0
67,67,76.0
68,68,77.0
69,69,78.0
70,70,79.0
71,71,80.0
72,72,81.0
73,73,82.0
74,74,83.0
75,75,84.0
76,76,85.0
77,77,86.0
78,78,87.0
79,79,88.0
80,80,89.0
81,81,90.0
82,82,91.0
83,83,92.0
84,84,93.0
85,85,94.0
86,86,95.0
87,87,96.0
88,88,97.0
89,89,98.0
90,90,99.0
91,91,100.0
92,92,101.0
93,93,102.0
94,94,103.0
95,95,104.0
96,96,105.0
97,97,106.0
98,98,107.0
99,99,108.0
100,100,109.0
101,1,110.0
102,2,111.0
103,3,112.0
104,4,113.0
105,5,114.0
106,6,115.0
107,7,116.0
108,8,117.0
109,9,118.0
110,10,119.0
111,11,120.0
112,12,121.0
113,13,122.0
114,14,123.0
115,15,124.0
116,16,125.0
117,17,126.0
118,18,127.0
119,19,128.0
120,20,129.0
121,21,130.0
122,22,131.0
123,23,132.0
124,24,133.0
125,25,134.0
126,26,135.0
127,27,136.0
128,28,137.0
129,29,138.0
130,30,139.0
131,31,140.0
132,32,141.0
133,33,142.0
134,34,143.0
135,35,144.0
136,36,145.0
137,37,146.0
138,38,147.0
139,39,148.0
140,40,149.0
141,41,150.0
142,42,151.0
143,43,152.0
144,44,153.0
145,45,154.0
146,46,155.0
147,47,156.0
148,48,157.0
149,49,158.0
150,50,159.0
151,51,160.0
152,52,161.0
153,53,162.0
154,54,163.0
155,55,164.0
156,56,165.0
157,57,166.0
158,58,167.0
159,59,168.0
160,60,169.0
161,61,170.0
162,62,171.0
163,63,172.0
164,64,173.0
165,65,174.0
166,66,175.0
167,67,176.0
168,68,177.0
169,69,178.0
170,70,179.0
171,71,180.0
172,72,181.0
173,73,182.0
174,74,183.0
175,75,184.0
176,76,185.0
177,77,186.0
178,78,187.0
179,79,188.0
180,80,189.0
181,81,190.0
182,82,191.0
183,83,192.0
184,84,193.0
185,85,194.0
186,86,195.0
187,87,196.0
188,88,197.0
189,89,198.0
190,90,199.0
191,91,200.0
192,92,201.0
193,93,202.0
194,94,203.0
195,95,204.0
196,96,205.0
197,97,206.0
198,98,207.0
199,99,208.0
200,100,209.0
